Emp_ID,First_Name,Last_Name,Job_Title,salary
49353,Keith,Davis,VP Sales,58246
28495,Christine,Freeman,Staff Scientist,69686
99887,Beverly,Wagner,Desktop Support Technician,97992
71151,Martin,Peters,VP Product Management,76057
48300,Tina,Anderson,Automation Specialist IV,67425
63687,Christine,Gomez,Administrative Assistant II,76490
25482,Terry,Ramos,Civil Engineer,52331
43527,Jeffrey,Berry,Administrative Assistant III,67295
79489,Carolyn,Spencer,VP Marketing,65832
57498,Larry,Moore,Sales Representative,79237
39332,Christopher,Harris,Quality Control Specialist,84953
84530,Phyllis,Cunningham,Occupational Therapist,67085
11038,Howard,Fisher,Assistant Professor,73468
30333,Emily,Collins,Budget/Accounting Analyst IV,90784
49340,Janice,Mcdonald,Payment Adjustment Coordinator,83812
98992,Eric,Bradley,Programmer Analyst IV,88251
84409,Peter,Boyd,Software Consultant,99955
33108,Kathy,Henry,Registered Nurse,66913
16116,Jennifer,Ortiz,Biostatistician II,78902
55771,Julia,Jacobs,Systems Administrator I,81659
45301,James,Hamilton,VP Accounting,55038
48556,Sarah,Rose,Geological Engineer,58496
46081,Wayne,Hudson,Software Engineer I,85932
88962,Edward,Payne,Registered Nurse,76377
62058,Steven,Warren,Marketing Assistant,58566
60736,Jesse,Nichols,Geologist III,53089
91780,Annie,Hawkins,Programmer IV,70700
68643,Rose,Long,Recruiting Manager,82300
49708,Jessica,Burke,VP Marketing,68890
14290,Jane,Greene,Assistant Media Planner,68434
76566,Joyce,Richardson,Senior Quality Engineer,87152
14581,Douglas,Warren,Food Chemist,89913
77580,Denise,Harper,VP Sales,65138
42124,Ruth,Berry,Research Associate,59929
63852,Michael,Coleman,Executive Secretary,67757
24929,Juan,Fisher,Accountant III,96283
11023,Joseph,Robinson,Structural Engineer,69659
66430,Melissa,Perkins,Sales Representative,60568
55151,Kimberly,Schmidt,Project Manager,81436
38737,Julia,Young,Nurse Practicioner,91955
36379,Edward,Snyder,Recruiter,83931
96065,Brian,Rodriguez,Structural Analysis Engineer,96381
15591,Robert,Jones,Senior Developer,92106
62606,Jerry,Moore,Product Engineer,58835
85958,Emily,Mills,Administrative Assistant III,76405
60717,Nicholas,Bradley,Statistician III,66772
45448,Donna,Stone,Dental Hygienist,94422
82354,Chris,Gibson,Senior Sales Associate,95506
43596,Bruce,Baker,Engineer II,76832
89796,Donna,Harris,Cost Accountant,80526
77885,Timothy,Morris,Design Engineer,77595
98220,Donna,Wells,Help Desk Operator,88537
95379,Raymond,Hawkins,Sales Representative,68865
75828,Gregory,Payne,Health Coach III,76605
22162,David,Spencer,Senior Financial Analyst,78479
76668,Heather,Burke,Executive Secretary,71157
47569,Jeffrey,Gibson,Civil Engineer,63740
93626,Eric,Montgomery,Electrical Engineer,81060
72267,Peter,Carpenter,Speech Pathologist,50814
26257,Kevin,Ryan,Help Desk Technician,57080
49565,Antonio,Ramos,Budget/Accounting Analyst I,51792
61804,Howard,Fields,Cost Accountant,77696
58501,Philip,Duncan,Computer Systems Analyst I,84232
77433,Janice,Reid,Design Engineer,93278
67553,Marie,Hill,Geologist I,90307
56488,Marilyn,Franklin,Compensation Analyst,55584
67313,Larry,Garrett,Media Manager II,55825
45498,Bonnie,Boyd,Legal Assistant,82324
74351,Steve,Davis,Budget/Accounting Analyst I,61775
44813,Tammy,Fuller,Accounting Assistant II,81906
78695,Antonio,Fox,Health Coach III,85228
26265,Robert,Smith,Quality Engineer,73202
34098,Diana,Alvarez,Cost Accountant,77889
52566,Donald,Scott,Chief Design Engineer,91583
92008,Rebecca,Morrison,Software Test Engineer IV,95522
80450,Wanda,Bowman,Nurse,98235
90547,Catherine,Freeman,Accounting Assistant III,90565
51470,Bobby,Payne,Marketing Manager,75774
77072,Arthur,Lee,Web Developer I,64754
31206,Johnny,Burns,Environmental Tech,63318
11510,Ann,Parker,VP Marketing,92187
10955,Sean,Stephens,Tax Accountant,59634
10715,Paula,Mccoy,Geological Engineer,56437
80393,Rose,Hart,Marketing Assistant,56348
20488,Ronald,Reyes,Graphic Designer,67301
52376,Christopher,Mccoy,Web Developer II,77054
53948,Victor,Banks,Geologist II,55913
40022,Emily,Mills,Senior Quality Engineer,72973
87321,Todd,Carr,Physical Therapy Assistant,64790
80349,Theresa,Harrison,Analog Circuit Design manager,73859
82763,John,Bennett,Senior Developer,83462
55273,Ronald,Gutierrez,Budget/Accounting Analyst III,85616
67914,Nicole,Baker,Environmental Specialist,62261
26337,Terry,Wells,Analog Circuit Design manager,94176
23653,Tammy,Coleman,Librarian,81427
54466,Todd,Watson,Media Manager II,52820
43793,Jonathan,Kim,Account Representative IV,50731
79272,Tammy,Peters,Recruiting Manager,56586
37573,Jesse,Miller,Account Executive,55918
86996,Rose,Elliott,Clinical Specialist,83459
11896,Russell,Patterson,Research Nurse,59979
92419,Charles,Snyder,Physical Therapy Assistant,82250
80739,Virginia,Kelley,Quality Engineer,73920
47783,Joe,Collins,Community Outreach Specialist,52278
96614,Henry,Fisher,Staff Scientist,77514
53824,Alice,Roberts,Legal Assistant,72354
86567,Terry,Evans,Electrical Engineer,70692
71162,Edward,George,Community Outreach Specialist,71434
16906,Sharon,Peterson,Biostatistician III,82807
83989,Walter,Mccoy,Clinical Specialist,84305
38781,Phyllis,Woods,Statistician IV,81485
74959,Dorothy,Cook,Administrative Assistant II,96477
14859,Lori,Stevens,Teacher,74540
30974,Carol,Gilbert,Senior Editor,84414
83964,Arthur,Dunn,Health Coach I,65272
62689,Amanda,Burton,Geological Engineer,80849
53814,George,Weaver,Director of Sales,71092
43612,George,Warren,Data Coordiator,79509
38711,Katherine,Crawford,Teacher,74710
39871,Timothy,Gutierrez,Structural Engineer,58560
89573,Laura,Lewis,Accounting Assistant IV,77188
24424,Harry,Parker,Speech Pathologist,98416
35983,Joseph,Ward,Sales Associate,91574
23617,Aaron,Alexander,VP Accounting,84485
63241,Anthony,Thompson,Assistant Manager,50349
77602,Howard,Gutierrez,Data Coordiator,55818
32021,Ruth,Bryant,Safety Technician IV,61698
50833,Jessica,Bryant,Marketing Assistant,97428
72099,Dorothy,Lawson,Systems Administrator III,58405
44927,Ralph,Gray,Editor,90483
89736,Gerald,Dunn,Information Systems Manager,93897
17040,Mary,Palmer,Web Developer III,94513
93630,Teresa,James,Associate Professor,95741
78380,Virginia,Martinez,Software Engineer IV,85322
71775,Norma,Morrison,Administrative Assistant III,56055
72943,Alice,Williamson,Biostatistician IV,72533
23730,Cheryl,Price,Budget/Accounting Analyst I,95360
92739,Ruth,Scott,Paralegal,63612
14828,Amy,Phillips,VP Quality Control,75339
34914,Janice,Jordan,Geologist III,98635
55534,Anthony,Henderson,Technical Writer,99382
64065,Ruth,Harper,Quality Engineer,61628
56733,Jennifer,Kim,Financial Analyst,66506
74277,Howard,Richards,Programmer Analyst II,83123
25417,Anna,Payne,Nuclear Power Engineer,52424
67562,Frances,Ortiz,Junior Executive,82883
86320,Diane,Cruz,Graphic Designer,90131
72791,Melissa,Hansen,Automation Specialist I,56119
65699,Edward,Reid,Product Engineer,94760
52888,Craig,Price,Geological Engineer,70157
57651,Billy,Nichols,Marketing Assistant,69457
65481,Andrea,Boyd,Help Desk Technician,55666
50840,Dorothy,Peterson,Health Coach II,53840
98073,Benjamin,Lane,Mechanical Systems Engineer,71714
60355,Larry,Reyes,Registered Nurse,64800
92000,Bruce,Harrison,Administrative Officer,57657
92288,Martha,Sanders,Structural Analysis Engineer,90152
51899,George,Brown,Teacher,83589
67156,Kevin,Carpenter,Sales Associate,68255
11164,Scott,Spencer,VP Product Management,99821
75231,Kelly,Long,Senior Sales Associate,77581
21386,Albert,Coleman,Structural Engineer,56958
79700,George,Jacobs,VP Accounting,84590
73909,Carol,Gomez,Mechanical Systems Engineer,95250
97888,Melissa,Phillips,Automation Specialist I,90536
60809,Jean,Price,VP Sales,88374
97058,Gary,Reed,Electrical Engineer,85899
31863,Wanda,Greene,Account Coordinator,54884
49035,Jose,Austin,Operator,99393
31104,Susan,Johnston,Research Nurse,77981
88258,Gloria,Jackson,Data Coordiator,91115
47333,James,Payne,Sales Associate,67396
38483,Phyllis,Ford,Civil Engineer,53871
73424,Brenda,Gray,Structural Analysis Engineer,67685
25590,Brandon,Ward,Systems Administrator III,93892
33748,Christopher,Gomez,Business Systems Development Analyst,67018
48940,Gerald,Holmes,Clinical Specialist,66354
35854,Ronald,Robertson,Senior Cost Accountant,57816
94096,Debra,Torres,Editor,95292
41122,Helen,Stone,VP Sales,88839
33706,William,Duncan,Analog Circuit Design manager,65880
55355,Janice,Webb,Nuclear Power Engineer,74658
53509,Anthony,Hudson,Electrical Engineer,70554
21746,Michael,Jones,Web Developer I,50118
79724,Roger,Roberts,Pharmacist,56302
90174,Marie,Alexander,Software Test Engineer IV,77088
70195,Doris,Perez,Computer Systems Analyst IV,85816
98784,Craig,Marshall,Structural Analysis Engineer,70687
18022,Walter,Austin,Speech Pathologist,61069
23995,George,Elliott,Office Assistant II,93810
89043,Robert,Romero,Environmental Tech,71999
16065,Jeremy,Allen,Actuary,60843
58866,Stephen,Dunn,Assistant Professor,89355
95908,Bobby,Warren,Junior Executive,72096
54246,Jose,Hunt,Director of Sales,75028
55322,Paula,Henderson,Software Consultant,82140
41272,Michelle,Johnson,Senior Cost Accountant,65157
68842,Richard,Lynch,Senior Editor,97056
50291,Betty,Gonzalez,Technical Writer,75261
53817,Rachel,Nelson,Teacher,91196
86615,Andrew,Torres,Payment Adjustment Coordinator,62596
88317,Beverly,Hayes,Biostatistician I,55522
36461,Carol,Franklin,Director of Sales,83809
24876,Martha,Cole,Environmental Specialist,50262
88656,Alice,Edwards,Sales Associate,64527
27715,Fred,Lopez,Sales Representative,66479
54256,Martha,Carroll,Executive Secretary,81756
55316,Barbara,Larson,Electrical Engineer,82434
32548,Beverly,Pierce,Structural Analysis Engineer,52228
97950,Julie,Collins,Staff Scientist,94303
78914,Joyce,Spencer,Senior Cost Accountant,57279
26937,Lawrence,Stewart,Software Test Engineer III,86754
62469,Kimberly,Romero,Senior Quality Engineer,96080
36720,Annie,Bennett,Tax Accountant,55504
78563,Barbara,Jacobs,Civil Engineer,93949
96807,Nicole,Wheeler,Biostatistician IV,66820
45753,Johnny,Franklin,Web Designer II,99907
93386,Dennis,Long,Health Coach IV,85376
48598,Jerry,Gonzalez,Staff Scientist,94933
76242,Kathy,Reid,Clinical Specialist,88278
44661,Kevin,Smith,Registered Nurse,66975
99909,Susan,Burke,Accountant IV,54473
37131,Ann,Gardner,Research Associate,66277
39257,Lois,Wheeler,Administrative Officer,68491
12057,Robert,Perry,Analog Circuit Design manager,74612
55178,Dennis,Hansen,Senior Editor,50102
50616,Angela,Crawford,Account Representative II,92736
11666,Adam,Gomez,Internal Auditor,95202
27487,Martha,Pierce,Information Systems Manager,59414
95708,Jessica,Harvey,Database Administrator IV,56841
77546,Angela,Edwards,Pharmacist,98360
29132,Henry,Carr,VP Marketing,84302
20345,Rose,Duncan,Programmer Analyst II,69954
20797,Katherine,Daniels,Desktop Support Technician,74943
83269,Douglas,Ortiz,Project Manager,55988
26251,Peter,Bennett,Speech Pathologist,51298
59452,Cheryl,Diaz,Quality Control Specialist,72130
93343,Henry,Wright,Programmer Analyst IV,96838
15600,Julie,Garrett,Media Manager II,98622
95752,Denise,Daniels,VP Marketing,56080
38025,Dorothy,Kelly,Office Assistant IV,90780
12632,Bobby,Sanders,Account Executive,93695
73445,Raymond,Weaver,Professor,64478
27344,Tammy,Watkins,Developer III,61598
52743,Kathryn,Austin,Safety Technician II,59010
43625,Christine,Collins,Budget/Accounting Analyst IV,59724
27689,James,Morales,Senior Cost Accountant,55033
10516,Virginia,Jacobs,Engineer IV,72572
58224,Eric,Mendoza,Paralegal,66264
37462,Julie,Howell,Quality Engineer,57950
92646,Debra,George,Analyst Programmer,57166
10992,Amy,Stone,Mechanical Systems Engineer,94857
72783,Jennifer,Cruz,Account Representative II,63789
46055,Nancy,Wells,Payment Adjustment Coordinator,54893
41411,Nicholas,Pierce,Chemical Engineer,75467
19945,Ryan,Warren,Marketing Assistant,67431
31154,Tina,Ryan,Software Engineer III,88938
17596,Joseph,Elliott,Technical Writer,73318
88163,Roger,Bailey,Quality Engineer,81036
50836,Patrick,Gardner,Account Coordinator,64415
40633,Dennis,Kim,Quality Control Specialist,70924
57301,Harold,Duncan,Technical Writer,84783
42765,Cheryl,Matthews,Marketing Manager,56596
29946,Roy,Bradley,Operator,87092
12021,Samuel,Simmons,Actuary,88423
20425,Ronald,Pierce,Teacher,70343
53624,Bonnie,Morales,Occupational Therapist,95221
77426,Jane,Schmidt,Senior Quality Engineer,67702
65666,Ruby,Sims,Nurse Practicioner,78660
40898,Ryan,Pierce,General Manager,69928
33019,Cynthia,Garza,Help Desk Operator,56903
60506,Kenneth,Taylor,Account Representative I,96364
24574,Nancy,Johnson,Administrative Assistant I,83557
10498,Alice,Butler,Human Resources Assistant III,63200
41173,Anna,Wagner,Editor,56991
78347,Julia,Fox,Programmer IV,64962
93584,Wayne,Black,Senior Quality Engineer,72791
32736,Harold,Powell,Electrical Engineer,91582
27536,Kimberly,Castillo,Teacher,77059
24424,Eric,Harris,Quality Control Specialist,89424
74891,Anthony,Mason,Associate Professor,89992
16975,Jessica,Richardson,Accountant IV,65645
77121,Victor,Cox,Office Assistant III,54892
61548,Lois,Carpenter,Compensation Analyst,84447
80966,Harold,Mccoy,VP Quality Control,73864
40653,Harold,Roberts,Director of Sales,73735
39355,Pamela,Carpenter,Administrative Assistant IV,76643
51802,Lori,Rogers,Tax Accountant,53137
53373,Todd,Bishop,Business Systems Development Analyst,80211
39989,Eric,Marshall,Senior Quality Engineer,88155
60400,Jack,Jordan,Product Engineer,55798
58414,Stephen,Boyd,Registered Nurse,84388
11637,Sharon,Hanson,VP Product Management,59846
67643,Albert,Boyd,Business Systems Development Analyst,83807
84161,Sandra,Cruz,Dental Hygienist,83951
25367,Steve,Holmes,Clinical Specialist,50196
22461,Ruth,Henry,Software Engineer II,75295
72033,Amy,Crawford,Director of Sales,81567
95893,Maria,Gilbert,Compensation Analyst,72158
76019,Virginia,Mcdonald,Budget/Accounting Analyst IV,94672
71955,Debra,Garrett,Data Coordiator,66304
37271,Andrew,Stephens,Staff Scientist,70116
39703,Melissa,Hall,Web Developer IV,57282
51299,Brandon,Collins,Graphic Designer,59110
27102,Jeffrey,Fuller,Executive Secretary,52518
85381,Aaron,Olson,Chief Design Engineer,59403
95197,Pamela,Mcdonald,Environmental Tech,89867
79275,Scott,Elliott,Human Resources Manager,52172
14736,Lawrence,Jackson,Nuclear Power Engineer,85640
48073,Lori,Henderson,Marketing Manager,87214
59783,Theresa,Burns,Professor,72406
10470,Janet,Grant,Assistant Professor,51048
77909,Timothy,Johnson,Developer III,76200
21069,Ryan,Elliott,Account Coordinator,97992
36042,John,Simmons,Legal Assistant,69999
26269,Matthew,Marshall,Account Representative III,90881
91119,Christina,Peters,Senior Quality Engineer,61614
17149,Ashley,Hart,Nuclear Power Engineer,82047
60063,Melissa,Dixon,Analyst Programmer,83722
48010,Laura,Banks,Assistant Media Planner,74247
23540,Barbara,Powell,VP Marketing,95188
83587,Joseph,Murray,Staff Scientist,59269
64612,Patrick,Burton,Nuclear Power Engineer,93601
10278,Henry,Ford,Tax Accountant,75226
33085,Joseph,Russell,Executive Secretary,75229
96313,Marie,Olson,Assistant Professor,50585
27082,Andrew,Washington,Product Engineer,68370
29436,Marilyn,Peterson,VP Quality Control,58428
29890,Janet,Meyer,Programmer II,62311
54871,Angela,Bell,Marketing Manager,94907
75736,Brian,Sanders,Occupational Therapist,96751
63906,Marilyn,Willis,Account Representative II,68291
38335,Helen,Mills,Desktop Support Technician,85982
50523,Heather,Garrett,Nuclear Power Engineer,52806
72985,Marilyn,Chavez,Account Coordinator,70127
13178,Ralph,Oliver,Research Assistant IV,81239
50936,Susan,Sims,Account Coordinator,75874
26469,Gregory,Robinson,Tax Accountant,68463
22657,Judy,Perkins,Paralegal,83176
26368,Christopher,West,Teacher,82974
79936,Rachel,Hanson,Data Coordiator,58978
94829,Carl,Schmidt,Executive Secretary,92614
21388,Nancy,Flores,Account Coordinator,71735
89217,Kelly,Reid,Senior Developer,98068
68205,Pamela,Rodriguez,Civil Engineer,60469
36829,Phillip,Wells,Geologist IV,53354
97457,Earl,Fisher,Quality Control Specialist,67933
92891,Clarence,Perez,Executive Secretary,63718
64018,Gary,Hayes,Librarian,71576
51339,Catherine,Payne,Graphic Designer,60877
29113,Heather,Chapman,VP Marketing,91514
24303,William,Ramirez,Senior Developer,92752
51044,Peter,Vasquez,Structural Analysis Engineer,75546
34806,Rose,Thomas,Assistant Manager,86498
98589,Jason,Reed,Structural Engineer,72373
91290,Anne,Hudson,Software Test Engineer III,67347
10140,Barbara,Kennedy,Mechanical Systems Engineer,53832
58754,Joseph,Nichols,Programmer II,93200
85113,Sara,Roberts,Account Executive,53867
38306,Judith,Shaw,Human Resources Assistant III,79816
43351,Janet,Snyder,Account Executive,99777
83871,Karen,Johnson,Analog Circuit Design manager,72417
68054,Lois,James,Actuary,67520
93096,Anne,James,Accounting Assistant III,52273
34390,Billy,Morgan,Assistant Media Planner,73010
41670,Kenneth,Gray,VP Sales,52867
10670,Carl,Harrison,Clinical Specialist,66939
71067,Alice,Franklin,Financial Analyst,58719
62235,Jane,Bell,Sales Representative,94587
98949,Ralph,Adams,Accountant III,93170
41501,Michelle,Wilson,Computer Systems Analyst III,52136
73953,Jimmy,Lee,Quality Control Specialist,61634
30432,Victor,Rice,Dental Hygienist,84933
70145,Nicole,Bailey,Staff Scientist,73496
14758,Gloria,Boyd,VP Sales,76471
54267,Dennis,Greene,Clinical Specialist,97251
34261,Patrick,Stevens,Speech Pathologist,50623
79743,Patrick,Harper,Help Desk Technician,77990
51585,Jonathan,Larson,Assistant Professor,58153
13030,Jane,Stone,Administrative Assistant II,59128
35878,Martha,Hall,Financial Advisor,54590
11991,Lisa,Peters,VP Accounting,96568
93790,Betty,Morales,Professor,50005
55977,Stephanie,Barnes,Design Engineer,96534
52066,Beverly,Hanson,Senior Editor,91300
38256,Philip,Ramirez,Senior Cost Accountant,59575
70042,Albert,Nichols,Graphic Designer,52417
91151,Heather,Wagner,Analyst Programmer,95332
11590,Eric,Mccoy,Social Worker,87583
30165,Louise,Little,Senior Developer,61867
91574,Jane,Harvey,Data Coordiator,96254
17549,Jack,Bailey,Desktop Support Technician,76173
77585,Jonathan,Jones,Speech Pathologist,88946
43285,Thomas,Matthews,Dental Hygienist,66662
83707,Diane,Hernandez,GIS Technical Architect,73741
53796,Larry,Reynolds,VP Product Management,91907
40047,Kenneth,Woods,Information Systems Manager,58129
84948,Wayne,Garza,Recruiting Manager,54321
10393,Carlos,Rivera,Assistant Media Planner,96073
15116,Maria,Howell,Geological Engineer,64287
72933,Janet,Arnold,Administrative Assistant I,53857
82982,Juan,Cox,Librarian,72663
44404,Gregory,Scott,Internal Auditor,65984
68999,Ruby,Garrett,Senior Quality Engineer,79213
33962,Kathryn,Riley,VP Sales,94397
90522,Beverly,Bowman,Software Engineer I,52307
80578,Brandon,Murphy,Speech Pathologist,65866
54955,Johnny,Smith,Junior Executive,59708
86684,Betty,Franklin,Help Desk Technician,94658
53781,Brandon,Kennedy,Quality Engineer,71332
68566,Jose,Hernandez,Assistant Professor,57907
30781,Annie,Walker,Design Engineer,76075
62383,Frances,Black,Computer Systems Analyst I,69581
55136,Walter,Mitchell,Human Resources Assistant IV,81345
61855,Donald,Ortiz,Chief Design Engineer,81094
24630,Steve,Fowler,Paralegal,92642
91549,David,Mitchell,Environmental Tech,73901
79837,Gerald,Rogers,Nurse Practicioner,85012
24231,Pamela,Riley,Desktop Support Technician,97632
66627,Diane,Jones,Accounting Assistant III,82875
10835,Jeffrey,Weaver,Financial Advisor,97157
33044,Paul,Bishop,Associate Professor,77045
93056,Carolyn,Davis,Web Developer III,63000
85803,Carl,Kelley,Programmer Analyst I,58471
67077,Janet,Martinez,VP Product Management,64093
50914,Brian,Larson,Programmer Analyst I,95990
73789,Eric,Henry,Payment Adjustment Coordinator,72804
60196,Rebecca,Bennett,Junior Executive,62374
37822,Raymond,Ferguson,Web Developer IV,92246
73108,Eric,Robertson,Developer II,66642
44847,Shawn,Wright,Health Coach II,79065
36537,Phyllis,Kim,Physical Therapy Assistant,70625
79699,Todd,Thompson,Librarian,85781
97733,Katherine,Rice,Systems Administrator II,86042
53823,Mildred,Cox,GIS Technical Architect,76383
81491,Carolyn,Harrison,Electrical Engineer,52483
74803,Douglas,Murray,Assistant Media Planner,89723
70854,Todd,Lewis,Data Coordiator,86241
30787,Larry,Thompson,Staff Scientist,89157
63707,Ruby,Stevens,VP Quality Control,77126
85675,Henry,Weaver,Recruiting Manager,80188
23293,Sandra,Fox,Internal Auditor,61481
98452,Ralph,Ruiz,Chief Design Engineer,82853
84345,Nicole,Matthews,VP Quality Control,90518
73164,Katherine,Henderson,Programmer II,73115
50023,Diane,Sanders,Account Executive,64149
78370,David,Ross,Marketing Assistant,60518
12659,Billy,Alexander,Marketing Assistant,80747
39614,Arthur,Vasquez,Research Assistant IV,95324
13897,Wayne,Johnston,Nurse Practicioner,88918
92515,Jose,West,Legal Assistant,83596
82731,Michael,Oliver,Cost Accountant,95656
49190,Barbara,Chapman,Budget/Accounting Analyst IV,70665
43687,Jane,Ramos,Analyst Programmer,75997
39437,Teresa,Thomas,Clinical Specialist,60919
96580,Paul,Kelly,Mechanical Systems Engineer,89785
77639,Stephanie,Baker,Assistant Professor,79600
50738,Lori,Lewis,Food Chemist,67513
93321,Michael,Jacobs,Media Manager III,65930
14303,Karen,Ward,Software Test Engineer II,55662
38888,Brian,Carr,Quality Control Specialist,51648
84392,Marie,Thompson,Account Representative II,92290
63886,Sara,Lynch,Human Resources Assistant IV,99407
22388,Jimmy,Brooks,Engineer IV,54127
15921,Jeffrey,Murphy,Librarian,74690
62488,Rebecca,Cox,Clinical Specialist,81668
99988,Kevin,Welch,Administrative Officer,75511
94715,Ronald,Peters,Legal Assistant,67340
71455,Marie,Sanchez,Account Representative II,91130
89439,Ruby,Sims,Physical Therapy Assistant,93894
98683,Lois,Gilbert,Senior Developer,79560
89267,John,Clark,Environmental Specialist,96440
81732,Aaron,Moreno,Automation Specialist II,59549
88813,Keith,Stewart,Structural Analysis Engineer,51155
70080,Nicholas,Thompson,Environmental Tech,69609
87650,Carol,Ryan,Civil Engineer,99586
49754,Terry,Palmer,Assistant Professor,87445
10756,Richard,Mitchell,Senior Sales Associate,83156
14786,Fred,Rice,Recruiter,79441
88972,Teresa,Garrett,Civil Engineer,64933
36604,Jesse,Griffin,Safety Technician III,85384
90834,Cheryl,Brooks,Librarian,66191
21802,Christine,Mcdonald,Social Worker,58329
98492,Nicole,Hayes,Sales Representative,61801
93699,Steven,Sanders,Web Designer I,52786
83426,Brian,Brown,Accountant I,97414
50784,Jesse,Meyer,Graphic Designer,73409
20231,Annie,Arnold,Marketing Assistant,94775
24698,Brandon,Cox,Financial Advisor,85856
99487,Daniel,Harris,Analyst Programmer,84563
24127,Gary,Robinson,Biostatistician IV,58239
32170,Ernest,Tucker,Technical Writer,58491
14112,Louis,Perkins,Senior Quality Engineer,50936
16998,Dennis,Myers,Director of Sales,56190
98377,Joan,Hamilton,Electrical Engineer,85597
87757,Victor,Fisher,Research Associate,55952
54092,Margaret,Freeman,Software Test Engineer IV,60743
84069,Phyllis,Adams,Software Engineer I,79578
44947,Jack,Weaver,Engineer II,92700
24906,Robin,Perry,Help Desk Technician,65747
80596,Shirley,Moore,Operator,95753
94299,Sean,Willis,Financial Analyst,76745
70292,Virginia,Turner,Web Designer I,52755
46768,Ruby,Ford,VP Accounting,51067
88105,Sean,Garrett,VP Quality Control,82205
21163,Jessica,Robinson,Senior Quality Engineer,98535
23109,Albert,Mccoy,VP Accounting,84547
33790,Martha,Marshall,Help Desk Operator,71654
86629,Steve,Rose,Junior Executive,51801
12289,Rose,Hunter,VP Marketing,96717
99193,Marie,Harris,Developer I,71247
27326,Carl,Howell,Quality Engineer,78159
49451,Gary,Butler,Office Assistant III,85836
90704,Ann,Harvey,Software Engineer II,64739
12906,Kathleen,Schmidt,Help Desk Technician,74028
75265,Billy,Mcdonald,Design Engineer,81344
41648,Terry,Alexander,Librarian,62255
52047,Larry,Nelson,Help Desk Technician,53454
75779,Harry,Foster,Structural Engineer,56485
11458,Andrea,Alexander,Operator,91742
35560,Virginia,Banks,Payment Adjustment Coordinator,56439
85703,Johnny,Barnes,Geological Engineer,83572
60222,Eric,Reed,Environmental Specialist,87530
40296,Amy,Dean,Database Administrator III,62023
39853,Sarah,Stone,Paralegal,84319
25029,Brian,Rogers,Librarian,55665
69530,James,Gordon,Programmer Analyst II,90550
70626,Martha,Rivera,Senior Sales Associate,55080
12120,Annie,Daniels,Recruiter,74926
47552,Bruce,Green,Business Systems Development Analyst,98533
90219,Kathy,Ryan,Research Nurse,68758
80310,Jack,Cunningham,Recruiting Manager,64902
99391,Beverly,Richardson,Environmental Specialist,83864
10083,Jane,Fields,Assistant Media Planner,73857
56175,Kathryn,Graham,Editor,87965
75550,Patrick,Hamilton,Account Representative IV,80851
82346,Nicholas,Carr,Director of Sales,87809
10010,Timothy,Wallace,Accounting Assistant I,91087
59532,Laura,Scott,Senior Financial Analyst,61807
16550,Sara,Spencer,Operator,93628
51449,Albert,Greene,Assistant Media Planner,55336
72323,Joe,Wells,Quality Engineer,59863
94152,Michael,Armstrong,Environmental Tech,80599
65797,Theresa,Castillo,Financial Analyst,93169
53606,Wayne,Simpson,Environmental Tech,89421
88487,Rebecca,Ferguson,Assistant Professor,87256
25494,Mary,Hart,Professor,96780
86786,Brian,Boyd,Junior Executive,86474
66120,Virginia,Morris,Editor,91306
25325,Debra,Hernandez,Professor,51234
92095,Jonathan,Fowler,Food Chemist,71616
71277,Kathryn,Myers,Social Worker,94459
74194,Matthew,Miller,Biostatistician I,99345
37708,Steve,Meyer,Environmental Specialist,66248
58768,Lawrence,Franklin,Director of Sales,84374
36743,Helen,Burke,Registered Nurse,70847
25389,Andrew,Collins,Software Test Engineer I,81046
28593,Alan,Fowler,Developer III,84935
51550,Norma,Taylor,Geologist III,95996
13761,Doris,Butler,Financial Advisor,60104
76393,Aaron,Montgomery,Developer IV,67452
96265,Phillip,Reyes,Automation Specialist II,93355
73783,Lois,Brown,Electrical Engineer,80768
83221,Joseph,Foster,Computer Systems Analyst II,79382
79705,Louis,Knight,Programmer I,98227
84597,Richard,Anderson,Research Nurse,92889
29512,Stephen,Parker,Data Coordiator,81707
97789,Lois,Willis,Mechanical Systems Engineer,92843
71768,Gerald,Fowler,Speech Pathologist,74532
91145,Joan,Shaw,Assistant Professor,84879
63596,Phyllis,Montgomery,Sales Associate,50842
71996,Lori,Robertson,Software Engineer II,56951
79056,Annie,Bowman,Developer II,65520
51325,John,Lewis,Associate Professor,62929
70215,Juan,Rogers,Financial Analyst,58733
43961,Nicholas,Rose,Internal Auditor,83274
68013,Evelyn,Jackson,Business Systems Development Analyst,57853
57635,Maria,Mason,Administrative Officer,75033
41963,Jose,Myers,Administrative Officer,93949
17180,Samuel,Dean,VP Accounting,52813
72749,Martin,Gonzalez,Geologist I,78975
34603,Peter,Hunter,Nurse Practicioner,94197
46781,Marie,Henry,Executive Secretary,70421
68762,John,Meyer,Senior Financial Analyst,75118
32093,Amanda,Daniels,Budget/Accounting Analyst I,78529
88360,Mark,Rivera,Structural Analysis Engineer,92631
81777,Juan,Allen,Senior Editor,64826
22835,Kimberly,Williams,Community Outreach Specialist,78111
42895,Dennis,Ramirez,Social Worker,84214
35650,James,Fernandez,Senior Quality Engineer,63644
55976,Sarah,Allen,Civil Engineer,90251
51368,Debra,Ellis,Safety Technician IV,86814
65666,Robert,Carroll,General Manager,92591
21921,Gerald,Lawrence,Administrative Assistant IV,55015
13438,Cheryl,Jackson,Senior Sales Associate,95640
86373,Diana,Romero,Registered Nurse,51628
57778,Evelyn,Mcdonald,Desktop Support Technician,83333
89846,Joyce,Austin,Help Desk Technician,70104
16533,Sarah,Collins,Administrative Assistant II,56172
21176,Angela,Griffin,Staff Accountant III,78136
42718,Fred,Patterson,Senior Financial Analyst,86091
44042,Katherine,Ward,Structural Analysis Engineer,90991
99453,Jacqueline,Hunter,Web Designer IV,65601
36628,James,Richards,Accounting Assistant IV,96277
62537,Barbara,Gonzales,Sales Representative,92235
44195,Shawn,West,Budget/Accounting Analyst I,93416
79036,Ronald,Mcdonald,Nurse,98192
86477,Wanda,Sullivan,GIS Technical Architect,56362
28777,Charles,Harris,Accountant III,63845
40473,Sean,Johnson,Sales Associate,88680
38873,Sarah,Ramos,GIS Technical Architect,88352
99123,Shirley,Knight,Business Systems Development Analyst,69668
20727,Joan,Shaw,VP Product Management,70797
84872,Kathy,Graham,Developer II,84680
99521,Johnny,Garcia,Engineer IV,59046
70020,Howard,Ryan,Structural Engineer,83961
60973,Jimmy,Garrett,Marketing Manager,84759
16959,Jeffrey,Murray,Safety Technician II,80280
44279,Emily,Freeman,Structural Analysis Engineer,99754
36545,Wayne,Garcia,Marketing Assistant,54104
89949,Amy,Evans,Administrative Officer,53059
72258,Terry,Roberts,Database Administrator IV,78175
10335,Lisa,Lawrence,Analyst Programmer,73403
35948,Charles,Brown,Accounting Assistant II,84822
14521,Marie,Ramos,Environmental Tech,81215
87130,Michael,Stephens,Technical Writer,77618
42569,Andrea,Chapman,Senior Cost Accountant,56893
37005,Nancy,Freeman,VP Marketing,68394
60273,Katherine,Gordon,Executive Secretary,59152
41266,Andrea,Mills,Social Worker,87976
92439,Michelle,Taylor,Information Systems Manager,77689
57271,Barbara,Jacobs,Paralegal,84823
35515,Harry,Howell,Assistant Manager,83063
21226,Martin,Edwards,Librarian,58809
72920,Amanda,Hernandez,Sales Associate,72558
62315,Jennifer,Mills,Human Resources Assistant I,69817
50879,Anne,Harvey,Marketing Assistant,69855
24935,Lois,Thomas,Data Coordiator,50827
21973,Paula,Little,Mechanical Systems Engineer,79397
41002,Frances,Olson,Senior Cost Accountant,53221
49950,Amy,Watson,Automation Specialist IV,99717
84282,Donald,Graham,VP Product Management,85527
65253,Rachel,Stewart,Occupational Therapist,58682
46762,Rose,Burton,Analog Circuit Design manager,74588
58877,Nicholas,Brown,Senior Quality Engineer,50750
61728,Mark,Stanley,Senior Editor,88534
60057,Deborah,Jordan,Staff Accountant II,96518
47990,Linda,Ortiz,Research Nurse,87314
67072,Mark,Reed,Professor,62207
69524,Frank,Alexander,Senior Financial Analyst,64773
77456,Matthew,Holmes,Junior Executive,88648
90818,Amy,Gibson,Staff Scientist,94755
13169,Julie,Boyd,VP Product Management,97942
32239,Theresa,Gordon,Computer Systems Analyst II,68739
69737,Andrea,Kelley,Environmental Tech,65620
60139,Elizabeth,Lewis,Chief Design Engineer,85640
42204,Cheryl,Hamilton,Data Coordiator,51488
59327,Patrick,Dixon,Sales Associate,85793
17714,Gloria,Garcia,VP Marketing,81242
98026,Virginia,Owens,Web Developer IV,85152
18740,Marie,Long,Web Designer III,54949
41249,Alan,Fuller,Graphic Designer,99814
86217,Jane,Scott,Information Systems Manager,76562
83730,Larry,Ramos,Engineer IV,76004
49329,Jeffrey,Cox,Administrative Assistant I,99152
55495,Carl,Snyder,Media Manager I,72391
23201,Carlos,Johnson,Design Engineer,77489
34237,Lisa,Franklin,Environmental Tech,82916
61037,Harold,Jacobs,Environmental Specialist,67449
22910,Jesse,Mcdonald,Internal Auditor,72709
86043,Ruth,Stephens,Geologist III,93974
28396,Carl,Daniels,Web Designer III,80810
92461,Marilyn,Williams,Web Developer IV,54119
33192,Katherine,Reynolds,Financial Advisor,65968
97276,Linda,Rice,Clinical Specialist,58305
35622,Katherine,Perry,Web Designer I,75663
59287,Rachel,Carpenter,Junior Executive,82170
82745,Jimmy,Wallace,Help Desk Operator,84364
99507,Cynthia,Wilson,Librarian,96170
59970,Carolyn,Burns,Librarian,94272
65889,Sandra,Morgan,Research Associate,54997
92158,Lawrence,Burns,Internal Auditor,59298
17267,Judith,Reyes,Director of Sales,77363
19717,Sean,White,Account Executive,60136
95254,Billy,Lynch,Quality Control Specialist,75732
79860,Nicholas,Porter,Professor,69912
73263,Martin,Morgan,Account Executive,90864
53377,Brenda,Payne,Computer Systems Analyst I,70046
40747,Denise,Sullivan,Research Assistant IV,73623
25090,Ashley,Elliott,Information Systems Manager,92554
31517,Anne,Banks,Software Test Engineer II,59897
78096,Stephanie,Martin,Programmer II,71002
58706,Laura,Phillips,Administrative Officer,54341
30004,Albert,Matthews,VP Marketing,96241
92648,Daniel,Mason,Human Resources Assistant I,87005
36425,Catherine,Hayes,VP Marketing,67232
89859,Judith,Andrews,Professor,72027
28961,Terry,Perry,Design Engineer,67869
72266,Louise,Hill,Senior Quality Engineer,56660
45829,Patricia,Henry,Automation Specialist IV,85740
43994,Keith,Greene,Electrical Engineer,93975
52293,Beverly,Nichols,Structural Engineer,64198
55407,Sara,Freeman,Environmental Tech,87064
79871,Margaret,Ruiz,Statistician III,80478
90529,Christine,Arnold,Software Test Engineer III,80731
34280,Jimmy,Diaz,General Manager,61349
10678,Douglas,Schmidt,Junior Executive,73587
83012,Joyce,Welch,Civil Engineer,73438
34745,Jason,Stevens,Senior Editor,62942
71309,Louis,Rose,Professor,55267
32161,Frank,Collins,Systems Administrator I,99794
77929,Craig,Harper,VP Sales,99400
92271,Alan,Reid,Mechanical Systems Engineer,96106
71424,Emily,Oliver,Account Representative III,60352
84386,Terry,Cruz,Civil Engineer,52838
11431,Joseph,Kelly,Accountant I,72832
62180,Margaret,Daniels,Systems Administrator I,89843
51768,Paula,Adams,Web Designer II,71465
76774,Pamela,Harrison,VP Marketing,68541
23772,Rebecca,Spencer,Systems Administrator III,68844
58747,Jean,Bryant,Help Desk Technician,78808
76042,Jeremy,Ramirez,Internal Auditor,82562
85987,Amanda,Rice,VP Quality Control,86040
27880,Elizabeth,Garza,VP Marketing,72808
97147,Edward,Walker,Quality Engineer,97047
13838,Philip,Moore,Paralegal,71911
77780,Arthur,Edwards,Engineer IV,85610
16438,Lois,Wagner,Safety Technician II,62465
43936,Ruby,Mccoy,Biostatistician II,82872
92123,Gregory,Hall,Payment Adjustment Coordinator,77089
39586,Maria,Elliott,Operator,84762
25771,Jack,Anderson,Assistant Media Planner,96081
14641,Beverly,Griffin,Information Systems Manager,72921
97877,Lois,Martin,Structural Analysis Engineer,90009
78685,Paul,Rice,Web Developer II,98291
90932,Janice,Carter,Office Assistant I,83799
15126,Gerald,Walker,Automation Specialist IV,57838
97457,Joe,Ward,Account Executive,83200
10079,John,Weaver,Project Manager,85952
96977,Jeffrey,Bell,Software Engineer III,96839
73288,Patricia,Franklin,Biostatistician I,56576
68376,Deborah,Cook,Structural Analysis Engineer,54908
62938,Sandra,Hall,VP Marketing,62108
35025,Ronald,West,Teacher,90229
33734,Ronald,Alexander,Professor,94796
54313,Jean,Daniels,Mechanical Systems Engineer,98478
89364,Christopher,Perkins,Chemical Engineer,77452
16803,Richard,Little,Teacher,90890
55672,David,Burke,Analog Circuit Design manager,53096
59529,Janice,Myers,Food Chemist,65092
27175,Carl,Gonzales,Administrative Officer,81365
37404,Donald,Ortiz,Account Executive,77395
94394,Jimmy,Ortiz,Analyst Programmer,76979
36805,Ashley,Matthews,Research Assistant III,98389
81562,Sean,Lee,Health Coach I,60066
25046,Karen,Mills,Community Outreach Specialist,63337
60689,Teresa,Hunt,Computer Systems Analyst III,77739
95682,Gloria,Griffin,Office Assistant IV,77366
45904,Patricia,Johnston,Chief Design Engineer,74029
61658,Jeffrey,Price,Dental Hygienist,70595
30568,Matthew,Ferguson,Occupational Therapist,53378
35574,Amy,Stevens,Chemical Engineer,80827
56076,Mark,Gardner,Civil Engineer,61240
33564,Paula,Perkins,Chemical Engineer,74550
89567,Jonathan,Griffin,Chemical Engineer,82149
53112,Earl,Hayes,Accounting Assistant I,67007
50248,Julie,Pierce,Assistant Manager,98259
62037,Eric,Holmes,Information Systems Manager,59253
69321,Billy,Brooks,Research Associate,85208
18791,Julia,Rose,Software Test Engineer II,52411
21864,Kevin,Murphy,Senior Cost Accountant,66014
95495,Gregory,Barnes,Safety Technician IV,71314
27804,Keith,Moore,Senior Developer,64380
59713,Sandra,Wallace,Statistician IV,52867
14997,Andrew,Romero,Product Engineer,98139
58604,Albert,Sullivan,Tax Accountant,68765
34991,Dorothy,Edwards,Health Coach II,85847
34566,Jason,Williams,Account Coordinator,71614
47534,Betty,James,Account Executive,73185
97811,Harry,Ford,Product Engineer,78453
34180,Paula,Hunter,Accounting Assistant I,62852
57812,Steven,Gonzales,Environmental Tech,78203
49930,Phyllis,Grant,Financial Analyst,81836
19144,Adam,Sanchez,Chemical Engineer,50984
86962,Jean,Williamson,Human Resources Manager,98179
60801,Christopher,Alvarez,Director of Sales,72505
89055,Carolyn,Alexander,Analog Circuit Design manager,50455
15988,Judy,Williams,Senior Editor,72449
67299,Daniel,Sanchez,Operator,78363
55379,Eugene,Bryant,Automation Specialist III,57079
55089,Michelle,Fuller,Account Coordinator,68227
47731,Peter,Dixon,VP Product Management,50007
67722,Nicole,Harris,Product Engineer,68520
76066,Betty,Simmons,Business Systems Development Analyst,63476
39453,Charles,Murray,Nuclear Power Engineer,80145
31931,Larry,Bennett,Staff Scientist,64716
23072,Patrick,Simpson,Nurse,83141
36678,Todd,Harvey,Internal Auditor,57250
35256,Joshua,Cooper,Executive Secretary,95940
20886,Albert,Johnston,Senior Cost Accountant,75861
51491,David,Warren,Internal Auditor,80518
80164,Charles,Black,Health Coach II,78729
88803,Joshua,White,Account Representative I,82545
93114,Sandra,Bell,Administrative Assistant I,88483
19211,Gloria,Gonzales,Senior Financial Analyst,57305
36885,John,Garrett,VP Accounting,51572
50944,Christopher,Carr,Food Chemist,92272
30884,Emily,Hicks,Physical Therapy Assistant,90609
71992,Peter,Pierce,Software Test Engineer IV,66392
81011,Cheryl,Hall,Occupational Therapist,51643
37798,Patricia,Phillips,Payment Adjustment Coordinator,96536
94601,Kathryn,Sims,Senior Quality Engineer,83569
14316,Ann,Long,Data Coordiator,56173
53545,Jesse,Hanson,Quality Engineer,79377
73044,Larry,Flores,Structural Analysis Engineer,81982
55853,George,George,Operator,87804
68655,Joe,Hernandez,Desktop Support Technician,62488
32604,Tina,Ferguson,Nuclear Power Engineer,83155
83073,Frank,Walker,Pharmacist,71635
18036,Annie,Martin,Structural Engineer,66692
48106,Michelle,Mcdonald,Media Manager IV,83051
40579,Christopher,Reynolds,Quality Engineer,68419
41341,Todd,Vasquez,Desktop Support Technician,81346
64693,Evelyn,Moore,Database Administrator II,69559
63004,Tina,Wilson,Registered Nurse,73572
15420,Alan,Greene,General Manager,76959
27918,Brian,Hernandez,Pharmacist,96272
14659,Billy,Nguyen,Software Consultant,64646
92227,Pamela,Turner,Nurse Practicioner,82045
69794,Johnny,Oliver,Assistant Professor,89590
74095,Robin,Burns,Recruiting Manager,88844
18841,Lisa,Kim,Chemical Engineer,59317
78270,Chris,Chapman,Librarian,79853
69928,Christina,Hudson,Senior Cost Accountant,81897
79614,Catherine,Rodriguez,Computer Systems Analyst III,64027
41715,Howard,Stewart,Automation Specialist III,84526
40724,Anthony,Gibson,Technical Writer,74738
50788,Victor,Garcia,VP Quality Control,64704
10504,Kenneth,Long,Systems Administrator IV,51936
48369,Sarah,Bennett,Tax Accountant,94675
34035,Karen,Schmidt,Marketing Manager,55013
55898,Ann,Hernandez,Electrical Engineer,86661
46445,Todd,Mcdonald,Civil Engineer,55821
73247,Paula,Ramirez,Social Worker,53453
56650,Betty,Gibson,Payment Adjustment Coordinator,94052
72040,Andrea,Scott,Senior Financial Analyst,51745
41560,Wanda,Wright,Engineer IV,74176
71512,Phillip,Cole,Desktop Support Technician,80529
28631,Philip,Cook,Teacher,76723
51828,Peter,Thompson,Research Nurse,58535
87398,Fred,Wallace,Paralegal,90743
73411,Patrick,Ford,Compensation Analyst,65869
36179,Annie,Fowler,Research Assistant II,51625
34573,Steve,Larson,Structural Engineer,75789
32614,Andrea,Banks,Web Developer I,68761
69532,Frances,Watson,Librarian,87341
71404,Sarah,Dunn,Marketing Assistant,59407
11512,Lori,Pierce,Accountant III,66552
34998,Eugene,Berry,Accountant I,50101
48216,Melissa,Allen,Operator,71596
77547,Jane,Green,Chemical Engineer,86434
47533,Clarence,Frazier,Computer Systems Analyst III,66425
88731,Ruth,Brooks,Account Coordinator,66864
22818,Ruth,Cook,Librarian,78319
31868,Jonathan,Harvey,Environmental Specialist,90683
84966,Alan,Cox,Clinical Specialist,85706
16149,Kevin,Robinson,Community Outreach Specialist,64381
90760,Antonio,Hanson,VP Product Management,86728
25089,Billy,Cole,Marketing Manager,61728
37185,Richard,Simpson,Junior Executive,52266
36414,Virginia,Washington,Assistant Manager,85194
83758,Carlos,Webb,Senior Editor,61171
58937,Kathryn,Powell,Geological Engineer,60413
86223,Jason,Cunningham,Human Resources Assistant I,81867
41430,Lois,Robinson,Quality Control Specialist,66889
28202,Phyllis,Collins,Environmental Tech,78375
36041,Keith,Wood,Account Executive,69630
22483,Scott,Roberts,GIS Technical Architect,69421
26515,Phyllis,Ellis,Assistant Manager,90886
86809,Jane,Olson,Automation Specialist IV,93579
73194,Anna,Thomas,Web Designer IV,89227
39617,Debra,Shaw,Payment Adjustment Coordinator,70506
79743,Robert,Smith,Automation Specialist II,97566
18716,Dennis,Alvarez,Recruiting Manager,50802
51900,Carolyn,Fox,Office Assistant II,64619
66440,Tammy,Chapman,Sales Representative,93430
82306,Ashley,Dunn,Assistant Professor,89845
44346,Joseph,Patterson,Recruiter,53500
27323,Arthur,Fox,Desktop Support Technician,75868
36641,Thomas,Wood,Junior Executive,84602
66583,Mildred,Barnes,Human Resources Manager,51515
74209,Ralph,Chapman,Nurse,84005
92966,Kathryn,Wheeler,Project Manager,99506
48726,Irene,Clark,Office Assistant I,95828
93458,Justin,Adams,Actuary,69061
46428,Gerald,Montgomery,Project Manager,85186
63666,Ryan,Graham,Administrative Assistant IV,51954
37232,Tammy,Gonzales,Marketing Manager,85888
31366,Joe,Snyder,Accountant IV,97945
48277,Aaron,Hayes,Staff Accountant III,84256
25950,Kelly,Campbell,Food Chemist,84866
20141,Jennifer,Peterson,Administrative Officer,81992
70681,Julie,Dunn,Geologist I,54388
70493,Carolyn,Wagner,Desktop Support Technician,90868
66760,Karen,Bennett,Operator,99079
28061,Shirley,Wells,Programmer Analyst II,89957
33545,Phyllis,Fisher,Analyst Programmer,91680
58537,Judy,Wagner,Web Designer II,99049
23815,Chris,Simpson,Research Nurse,88136
19153,Michelle,Kelly,Project Manager,73205
26435,Keith,Wells,Financial Advisor,87639
51414,Phillip,Ford,Research Nurse,98019
45823,Carol,Barnes,Data Coordiator,80798
50232,Phillip,Ramos,Senior Editor,69660
75960,Russell,James,Desktop Support Technician,98070
58714,Kelly,Miller,Civil Engineer,93710
26842,Catherine,Bennett,Systems Administrator II,90686
85852,Willie,Stewart,Payment Adjustment Coordinator,78164
67446,Ruby,Brooks,GIS Technical Architect,68706
82915,Deborah,Burke,Nurse Practicioner,63196
38904,Stephanie,Jenkins,Analyst Programmer,80608
31479,Aaron,Russell,Recruiting Manager,99599
73105,Jonathan,Walker,Graphic Designer,55639
47815,Karen,Foster,Senior Financial Analyst,63550
34447,Janice,Chapman,Staff Accountant I,82808
44320,Mary,Hunter,Health Coach III,76063
68625,Susan,Lewis,Staff Accountant I,85894
59452,Joan,Peterson,Environmental Specialist,56275
76571,Randy,Morgan,Senior Editor,91831
36465,Kevin,Gutierrez,Assistant Manager,50380
47391,Jonathan,Burns,Environmental Specialist,99860
11250,Douglas,Rogers,Social Worker,81949
55304,Fred,Anderson,Chemical Engineer,52549
54469,Jack,Carr,Product Engineer,88977
16929,Sean,Hill,Quality Engineer,57728
79409,Raymond,Hunter,Environmental Tech,52622
13997,Jean,King,Office Assistant II,71507
77813,Helen,Ray,Social Worker,53383
94262,Anthony,Lopez,Nurse Practicioner,59367
89616,Debra,Long,Desktop Support Technician,69491
10276,Pamela,Bradley,Staff Accountant II,61841
46805,Susan,Wagner,Structural Engineer,91002
60720,Lisa,Ray,Food Chemist,60805
40061,Marilyn,Robertson,Physical Therapy Assistant,55252
98917,Marie,Welch,Editor,97528
40856,Thomas,Medina,Media Manager IV,79280
24095,Irene,Reyes,Human Resources Assistant III,52000
13933,Michael,Rose,Staff Scientist,72056
57314,Ronald,Martinez,Geologist III,93609
25278,Kathryn,Nichols,Project Manager,88102
52810,Todd,Ray,Paralegal,63384
60371,Ryan,Jordan,Cost Accountant,94743
94560,Joe,Oliver,Biostatistician IV,68009
41964,Billy,Edwards,Mechanical Systems Engineer,69191
43616,Scott,Nelson,Research Assistant III,86993
13491,Marie,Willis,Social Worker,89387
95334,Sharon,Davis,Recruiting Manager,81291
44366,Donna,Harris,VP Sales,74676
81856,Raymond,Rice,Database Administrator III,96616
13362,William,Mendoza,Developer II,71623
67596,Steven,Burke,Nurse,99028
66066,Judy,Richards,Staff Accountant II,99023
73505,Pamela,Olson,Food Chemist,54135
45422,Justin,Fuller,Automation Specialist III,92140
88222,Todd,Patterson,Nurse,98513
59193,Anna,Scott,Design Engineer,82754
30201,Howard,Brown,Nuclear Power Engineer,87184
89184,Fred,Thompson,Technical Writer,58804
93102,Stephanie,Gutierrez,Computer Systems Analyst IV,57571
19487,Albert,Mason,Civil Engineer,80991
28128,Kevin,Miller,Librarian,67099
50589,Robin,Lawson,Dental Hygienist,93083
80713,Carl,Barnes,Compensation Analyst,57212
68425,Nicole,Ruiz,Teacher,92314
81644,Willie,Owens,Director of Sales,69693
25487,Katherine,Rivera,Compensation Analyst,92240
78369,Virginia,Nichols,Recruiting Manager,65963
11081,Brenda,Carr,Environmental Tech,96445
62986,Donald,Murray,Programmer I,59808
81186,Joan,Howard,Budget/Accounting Analyst III,63928
18372,Theresa,King,Engineer III,66980
25042,Howard,Duncan,Accountant II,62728
83714,Alice,Ellis,Assistant Professor,58361
31865,Jonathan,Martin,Environmental Specialist,84602
41242,Jacqueline,Green,Director of Sales,75501
76326,Karen,Medina,Computer Systems Analyst I,98160
38651,Rachel,Lawson,Senior Sales Associate,94073
84424,Jessica,Thomas,Mechanical Systems Engineer,75536
29444,Lisa,Shaw,Marketing Manager,70869
23462,Kenneth,Lane,Operator,82665
59249,Tammy,Gilbert,Administrative Officer,73723
63526,Willie,Graham,Geologist III,56498
58009,Thomas,Riley,Administrative Officer,83756
17038,Antonio,Myers,VP Quality Control,98417
11475,Ryan,Weaver,VP Quality Control,88235
33841,Bobby,Richards,Environmental Tech,82960
16751,Doris,Carpenter,Nurse Practicioner,64105
91041,Roger,Lynch,GIS Technical Architect,81965
86810,Stephanie,Tucker,Compensation Analyst,61740
51859,Sara,Murray,Technical Writer,80531
